test_batch,manual_count,machine_count,diff,accuracy
1,97,100,3,0.969072165
2,117,120,3,0.974358974
3,127,130,3,0.976377953
4,177,197,20,0.88700565
5,73,70,3,0.95890411
6,77,83,6,0.922077922